,can_transact,can_select,chance_of_playing_next_round,chance_of_playing_this_round,code_x,cost_change_event,cost_change_event_fall,cost_change_start,cost_change_start_fall,dreamteam_count,element_type,ep_next,ep_this,event_points,first_name,form_x,id_x,in_dreamteam,news,news_added,now_cost,photo,points_per_game,removed,second_name,selected_by_percent,special,squad_number,status,team,team_code,total_points,transfers_in,transfers_in_event,transfers_out,transfers_out_event,value_form,value_season,web_name,region,team_join_date,birth_date,has_temporary_code,opta_code,minutes,goals_scored,assists,clean_sheets,goals_conceded,own_goals,penalties_saved,penalties_missed,yellow_cards,red_cards,saves,bonus,bps,influence,creativity,threat,ict_index,clearances_blocks_interceptions,recoveries,tackles,defensive_contribution,starts,expected_goals,expected_assists,expected_goal_involvements,expected_goals_conceded,influence_rank,influence_rank_type,creativity_rank,creativity_rank_type,threat_rank,threat_rank_type,ict_index_rank,ict_index_rank_type,corners_and_indirect_freekicks_order,corners_and_indirect_freekicks_text,direct_freekicks_order,direct_freekicks_text,penalties_order,penalties_text,expected_goals_per_90,saves_per_90,expected_assists_per_90,expected_goal_involvements_per_90,expected_goals_conceded_per_90,goals_conceded_per_90,now_cost_rank,now_cost_rank_type,form_rank,form_rank_type,points_per_game_rank,points_per_game_rank_type,selected_rank,selected_rank_type,starts_per_90,clean_sheets_per_90,defensive_contribution_per_90,code_y,draw,form_y,id_y,loss,team_name,played,points,position,short_name,strength,team_division,unavailable,win,strength_overall_home,strength_overall_away,strength_attack_home,strength_attack_away,strength_defence_home,strength_defence_away,pulse_id,id,plural_name,plural_name_short,position_name,singular_name_short,squad_select,squad_min_select,squad_max_select,squad_min_play,squad_max_play,ui_shirt_specific,sub_positions_locked,element_count
0,True,True,,,154561,0,0,0,0,0,1,4.5,,0,David,0.0,1,False,,,55,154561.jpg,3.7,False,Raya Martín,17.3,False,,a,1,3,142,0,0,0,0,0.0,25.8,Raya,200.0,2024-07-04,1995-09-15,False,p154561,3420,0,0,13,34,0,0,0,3,0,86,10,555,755.4,10.7,0.0,76.7,0,0,0,0,38,0.00,0.03,0.03,35.03,37,8,342,11,646,80,178,8,,,,,,,0.0,2.26,0.0,0.0,0.92,0.89,130,4,487,80,68,11,25,5,1.0,0.34,0.0,3,0,,1,0,Arsenal,0,0,0,ARS,4,,False,0,1320,1325,1350,1350,1290,1300,1,1,Goalkeepers,GKP,Goalkeeper,GKP,2,,,1,1,True,[12],80
1,True,True,,,109745,0,0,0,0,0,1,2.8,,0,Kepa,0.0,2,False,,,45,109745.jpg,3.4,False,Arrizabalaga Revuelta,1.0,False,,a,1,3,106,0,0,0,0,0.0,23.6,Arrizabalaga,200.0,2025-07-01,1994-10-03,False,p109745,2790,0,0,8,39,0,0,0,3,0,97,7,406,744.4,10.4,4.0,75.8,0,0,0,0,31,0.06,0.03,0.09,38.83,38,9,344,12,333,1,183,9,,,,,,,0.0,3.13,0.0,0.0,1.25,1.26,375,22,146,51,94,16,183,23,1.0,0.26,0.0,3,0,,1,0,Arsenal,0,0,0,ARS,4,,False,0,1320,1325,1350,1350,1290,1300,1,1,Goalkeepers,GKP,Goalkeeper,GKP,2,,,1,1,True,[12],80
35,True,False,0.0,,462492,0,0,0,0,0,1,0.0,,0,Joe,0.0,34,False,Has joined Port Vale on loan for the rest of the season.,2025-08-12T07:40:37.843391Z,40,462492.jpg,0.0,False,Gauci,0.7,False,,u,2,7,0,0,0,0,0,0.0,0.0,Gauci,13.0,2024-02-01,2000-07-04,False,p462492,0,0,0,0,0,0,0,0,0,0,0,0,0,0.0,0.0,0.0,0.0,0,0,0,0,0,0.00,0.00,0.00,0.00,438,54,428,45,397,30,438,54,,,,,,,0.0,0.0,0.0,0.0,0.0,0.0,617,63,59,28,441,54,215,28,0.0,0.0,0.0,7,0,,2,0,Aston Villa,0,0,0,AVL,3,,False,0,1125,1250,1110,1200,1140,1300,2,1,Goalkeepers,GKP,Goalkeeper,GKP,2,,,1,1,True,[12],80
36,True,False,0.0,,462381,0,0,0,0,0,1,0.0,,0,Filip,0.0,35,False,Has joined Stevenage permanently.,2025-07-30T14:08:21.698398Z,40,462381.jpg,0.0,False,Marschall,0.1,False,,u,2,7,0,0,0,0,0,0.0,0.0,Marschall,241.0,2021-12-13,2003-04-24,False,p462381,0,0,0,0,0,0,0,0,0,0,0,0,0,0.0,0.0,0.0,0.0,0,0,0,0,0,0.00,0.00,0.00,0.00,437,53,427,44,396,29,437,53,,,,,,,0.0,0.0,0.0,0.0,0.0,0.0,616,62,58,27,440,53,595,75,0.0,0.0,0.0,7,0,,2,0,Aston Villa,0,0,0,AVL,3,,False,0,1125,1250,1110,1200,1140,1300,2,1,Goalkeepers,GKP,Goalkeeper,GKP,2,,,1,1,True,[12],80
70,True,True,,,51943,0,0,0,0,0,1,0.5,,0,Václav,0.0,185,False,,,40,51943.jpg,0.0,False,Hladký,0.3,False,,a,3,90,0,0,0,0,0,0.0,0.0,Hladký,57.0,2024-07-19,1990-11-14,False,p51943,0,0,0,0,0,0,0,0,0,0,0,0,0,0.0,0.0,0.0,0.0,0,0,0,0,0,0.00,0.00,0.00,0.00,392,31,379,19,345,4,392,31,,,,,,,0.0,0.0,0.0,0.0,0.0,0.0,560,37,2,2,396,32,331,50,0.0,0.0,0.0,90,0,,3,0,Burnley,0,0,0,BUR,2,,False,0,1050,1050,1050,1050,1050,1050,43,1,Goalkeepers,GKP,Goalkeeper,GKP,2,,,1,1,True,[12],80
105,True,True,75.0,,67089,0,0,0,0,0,1,0.4,,0,Martin,0.0,470,False,Lack of match fitness - 75% chance of playing,2025-08-11T10:30:07.723845Z,40,67089.jpg,4.4,False,Dúbravka,28.4,False,,d,3,90,44,0,0,0,0,0.0,11.0,Dúbravka,194.0,2025-08-07,1989-01-15,False,p67089,900,0,0,5,12,0,0,0,0,0,29,2,160,220.2,0.0,0.0,22.0,0,0,0,0,10,0.00,0.00,0.00,11.19,234,19,381,21,347,6,301,19,,,,,,,0.0,2.9,0.0,0.0,1.12,1.2,563,39,5,4,24,4,7,1,1.0,0.5,0.0,90,0,,3,0,Burnley,0,0,0,BUR,2,,False,0,1050,1050,1050,1050,1050,1050,43,1,Goalkeepers,GKP,Goalkeeper,GKP,2,,,1,1,True,[12],80
108,True,False,0.0,,69752,0,0,0,0,0,1,0.0,,0,Norberto,0.0,66,False,Has joined Botafogo permanently.,2025-08-11T01:25:12.553868Z,45,69752.jpg,3.5,False,Murara Neto,0.6,False,,u,4,91,7,0,0,0,0,0.0,1.6,Neto,30.0,2022-08-07,1989-07-19,False,p69752,180,0,0,0,2,0,0,0,0,0,11,0,30,77.8,0.0,0.0,7.8,0,0,0,0,2,0.00,0.00,0.00,2.91,316,25,483,62,460,49,343,25,,,,,,,0.0,5.5,0.0,0.0,1.46,1.0,362,18,133,47,84,14,231,32,1.0,0.0,0.0,91,0,,4,0,Bournemouth,0,0,0,BOU,3,,False,0,1150,1180,1100,1160,1200,1200,127,1,Goalkeepers,GKP,Goalkeeper,GKP,2,,,1,1,True,[12],80
109,True,True,,,457569,0,0,0,0,0,1,1.3,,0,Đorđe,0.0,67,False,,,45,457569.jpg,0.0,False,Petrović,3.7,False,,a,4,91,0,0,0,0,0,0.0,0.0,Petrović,190.0,2025-07-16,1999-10-08,False,p457569,0,0,0,0,0,0,0,0,0,0,0,0,0,0.0,0.0,0.0,0.0,0,0,0,0,0,0.00,0.00,0.00,0.00,522,75,518,71,498,60,522,75,,,,,,,0.0,0.0,0.0,0.0,0.0,0.0,448,30,219,59,525,75,85,12,0.0,0.0,0.0,91,0,,4,0,Bournemouth,0,0,0,BOU,3,,False,0,1150,1180,1100,1160,1200,1200,127,1,Goalkeepers,GKP,Goalkeeper,GKP,2,,,1,1,True,[12],80
110,True,True,,,444172,0,0,0,0,0,1,0.0,,0,Will,0.0,68,False,,,40,444172.jpg,0.0,False,Dennis,0.8,False,,a,4,91,0,0,0,0,0,0.0,0.0,Dennis,241.0,2019-08-01,2000-07-10,False,p444172,0,0,0,0,0,0,0,0,0,0,0,0,0,0.0,0.0,0.0,0.0,0,0,0,0,0,0.00,0.00,0.00,0.00,430,50,420,41,389,26,430,50,,,,,,,0.0,0.0,0.0,0.0,0.0,0.0,609,59,51,24,433,50,204,27,0.0,0.0,0.0,91,0,,4,0,Bournemouth,0,0,0,BOU,3,,False,0,1150,1180,1100,1160,1200,1200,127,1,Goalkeepers,GKP,Goalkeeper,GKP,2,,,1,1,True,[12],80
111,True,True,,,568791,0,0,0,0,0,1,0.0,,0,Callan,0.0,69,False,,,40,568791.jpg,0.0,False,McKenna,0.2,False,,a,4,91,0,0,0,0,0,0.0,0.0,McKenna,243.0,2024-02-01,2006-12-22,False,p568791,0,0,0,0,0,0,0,0,0,0,0,0,0,0.0,0.0,0.0,0.0,0,0,0,0,0,0.00,0.00,0.00,0.00,477,67,468,58,442,45,477,67,,,,,,,0.0,0.0,0.0,0.0,0.0,0.0,665,78,107,43,480,67,376,54,0.0,0.0,0.0,91,0,,4,0,Bournemouth,0,0,0,BOU,3,,False,0,1150,1180,1100,1160,1200,1200,127,1,Goalkeepers,GKP,Goalkeeper,GKP,2,,,1,1,True,[12],80
112,True,True,,,495145,0,0,0,0,0,1,0.0,,0,Alex,0.0,70,False,,,40,495145.jpg,0.0,False,Paulsen,0.1,False,,a,4,91,0,0,0,0,0,0.0,0.0,Paulsen,154.0,2024-07-01,2002-07-04,False,p495145,0,0,0,0,0,0,0,0,0,0,0,0,0,0.0,0.0,0.0,0.0,0,0,0,0,0,0.00,0.00,0.00,0.00,456,62,446,53,416,39,456,62,,,,,,,0.0,0.0,0.0,0.0,0.0,0.0,637,72,79,37,459,62,453,64,0.0,0.0,0.0,91,0,,4,0,Bournemouth,0,0,0,BOU,3,,False,0,1150,1180,1100,1160,1200,1200,127,1,Goalkeepers,GKP,Goalkeeper,GKP,2,,,1,1,True,[12],80
145,True,True,,,235448,0,0,0,0,0,1,1.0,,0,Ellery,0.0,102,False,,,40,235448.jpg,0.0,False,Balcombe,0.3,False,,a,5,94,0,0,0,0,0,0.0,0.0,Balcombe,241.0,2016-11-02,1999-10-15,False,p235448,0,0,0,0,0,0,0,0,0,0,0,0,0,0.0,0.0,0.0,0.0,0,0,0,0,0,0.00,0.00,0.00,0.00,419,47,409,38,377,23,419,47,,,,,,,0.0,0.0,0.0,0.0,0.0,0.0,596,56,38,21,422,47,320,49,0.0,0.0,0.0,94,0,,5,0,Brentford,0,0,0,BRE,3,,False,0,1120,1185,1080,1080,1160,1290,130,1,Goalkeepers,GKP,Goalkeeper,GKP,2,,,1,1,True,[12],80
146,True,True,,,503300,0,0,0,0,0,1,1.0,,0,Matthew,0.0,103,False,,,40,503300.jpg,0.0,False,Cox,0.2,False,,a,5,94,0,0,0,0,0,0.0,0.0,Cox,241.0,2021-10-26,2003-05-02,False,p503300,0,0,0,0,0,0,0,0,0,0,0,0,0,0.0,0.0,0.0,0.0,0,0,0,0,0,0.00,0.00,0.00,0.00,458,63,448,54,420,40,458,63,,,,,,,0.0,0.0,0.0,0.0,0.0,0.0,641,73,83,38,462,63,444,62,0.0,0.0,0.0,94,0,,5,0,Brentford,0,0,0,BRE,3,,False,0,1120,1185,1080,1080,1160,1290,130,1,Goalkeepers,GKP,Goalkeeper,GKP,2,,,1,1,True,[12],80
148,True,True,,,507433,0,0,0,0,0,1,1.0,,0,Hákon Rafn,0.0,105,False,,,40,507433.jpg,1.0,False,Valdimarsson,1.3,False,,a,5,94,2,0,0,0,0,0.0,0.5,Valdimarsson,99.0,2024-01-26,2001-10-13,False,p507433,144,0,0,0,2,0,0,0,0,0,3,0,14,21.4,0.1,0.0,2.1,0,0,0,0,1,0.00,0.00,0.00,1.49,352,28,376,17,421,41,366,28,,,,,,,0.0,1.88,0.0,0.0,0.93,1.25,642,74,84,39,342,30,162,21,0.62,0.0,0.0,94,0,,5,0,Brentford,0,0,0,BRE,3,,False,0,1120,1185,1080,1080,1160,1290,130,1,Goalkeepers,GKP,Goalkeeper,GKP,2,,,1,1,True,[12],80
181,True,True,,,489639,0,0,0,0,0,1,2.3,,0,Bart,0.0,139,False,,,45,489639.jpg,2.9,False,Verbruggen,7.9,False,,a,6,36,103,0,0,0,0,0.0,22.9,Verbruggen,152.0,2023-07-03,2002-08-18,False,p489639,3240,0,1,7,58,0,0,0,5,0,91,6,366,849.8,10.0,0.0,85.8,0,0,0,0,36,0.00,0.01,0.01,53.10,18,5,347,15,508,62,156,6,,,,,,,0.0,2.53,0.0,0.0,1.48,1.61,463,32,234,61,139,21,53,8,1.0,0.19,0.0,36,0,,6,0,Brighton,0,0,0,BHA,3,,False,0,1150,1175,1090,1140,1210,1210,131,1,Goalkeepers,GKP,Goalkeeper,GKP,2,,,1,1,True,[12],80
224,True,True,,,215059,0,0,0,0,0,1,3.6,,0,Robert,0.0,220,False,,,50,215059.jpg,3.9,False,Lynch Sánchez,20.3,False,,a,7,8,126,0,0,0,0,0.0,25.2,Sánchez,200.0,2023-08-05,1997-11-18,False,p215059,2880,0,0,10,34,0,1,0,5,0,95,11,470,755.6,20.0,0.0,77.5,0,0,0,0,32,0.00,0.02,0.02,38.55,36,7,326,8,596,73,174,7,,,,,,,0.0,2.97,0.0,0.0,1.2,1.06,265,13,381,73,49,9,16,2,1.0,0.31,0.0,8,0,,7,0,Chelsea,0,0,0,CHE,4,,False,0,1185,1245,1150,1190,1220,1300,4,1,Goalkeepers,GKP,Goalkeeper,GKP,2,,,1,1,True,[12],80
225,True,True,,,508479,0,0,0,0,0,1,2.8,,0,Filip,0.0,221,False,,,45,508479.jpg,3.0,False,Jörgensen,0.2,False,,a,7,8,18,0,0,0,0,0.0,4.0,Jörgensen,58.0,2024-07-30,2002-04-16,False,p508479,540,0,0,1,9,0,0,0,0,0,20,0,59,157.6,0.0,0.0,15.9,0,0,0,0,6,0.00,0.00,0.00,8.83,271,22,545,74,527,64,313,22,,,,,,,0.0,3.33,0.0,0.0,1.47,1.5,489,34,260,63,131,18,375,53,1.0,0.17,0.0,8,0,,7,0,Chelsea,0,0,0,CHE,4,,False,0,1185,1245,1150,1190,1220,1300,4,1,Goalkeepers,GKP,Goalkeeper,GKP,2,,,1,1,True,[12],80
226,True,False,0.0,,549939,0,0,0,0,0,1,0.0,,0,Mike,0.0,222,False,Has joined RC Strasbourg on loan for the rest of the season.,2025-07-28T11:48:06.001822Z,40,549939.jpg,0.0,False,Penders,0.0,False,,u,7,8,0,0,0,0,0,0.0,0.0,Penders,21.0,2024-08-27,2005-07-31,False,p549939,0,0,0,0,0,0,0,0,0,0,0,0,0,0.0,0.0,0.0,0.0,0,0,0,0,0,0.00,0.00,0.00,0.00,472,65,463,56,437,43,472,65,,,,,,,0.0,0.0,0.0,0.0,0.0,0.0,660,76,102,41,475,65,662,77,0.0,0.0,0.0,8,0,,7,0,Chelsea,0,0,0,CHE,4,,False,0,1185,1245,1150,1190,1220,1300,4,1,Goalkeepers,GKP,Goalkeeper,GKP,2,,,1,1,True,[12],80
227,True,True,,,471798,0,0,0,0,0,1,1.5,,0,Gabriel,0.0,223,False,,,40,471798.jpg,0.0,False,Słonina,0.1,False,,a,7,8,0,0,0,0,0,0.0,0.0,Slonina,229.0,2022-08-02,2004-05-15,False,p471798,0,0,0,0,0,0,0,0,0,0,0,0,0,0.0,0.0,0.0,0.0,0,0,0,0,0,0.00,0.00,0.00,0.00,441,56,431,47,400,32,441,56,,,,,,,0.0,0.0,0.0,0.0,0.0,0.0,621,65,63,30,444,56,501,70,0.0,0.0,0.0,8,0,,7,0,Chelsea,0,0,0,CHE,4,,False,0,1185,1245,1150,1190,1220,1300,4,1,Goalkeepers,GKP,Goalkeeper,GKP,2,,,1,1,True,[12],80
256,True,True,,,172649,0,0,0,0,0,1,2.6,,0,Dean,0.0,253,False,,,50,172649.jpg,3.6,False,Henderson,6.0,False,,a,8,31,135,0,0,0,0,0.0,27.0,Henderson,241.0,2023-08-31,1997-03-12,False,p172649,3420,0,0,11,51,0,1,0,3,0,104,8,466,853.6,30.0,4.0,88.6,0,0,0,0,38,0.01,0.02,0.03,50.33,17,4,308,3,336,2,147,4,,,,,,,0.0,2.74,0.0,0.0,1.32,1.34,241,10,357,70,74,13,66,9,1.0,0.29,0.0,31,0,,8,0,Crystal Palace,0,0,0,CRY,3,,False,0,1140,1160,1120,1130,1160,1190,6,1,Goalkeepers,GKP,Goalkeeper,GKP,2,,,1,1,True,[12],80
257,True,True,,,121709,0,0,0,0,0,1,0.5,,0,Walter,0.0,254,False,,,40,121709.jpg,0.0,False,Benítez,0.4,False,,a,8,31,0,0,0,0,0,0.0,0.0,Benitez,10.0,2025-07-01,1993-01-19,False,p121709,0,0,0,0,0,0,0,0,0,0,0,0,0,0.0,0.0,0.0,0.0,0,0,0,0,0,0.00,0.00,0.00,0.00,403,40,392,30,358,15,403,40,,,,,,,0.0,0.0,0.0,0.0,0.0,0.0,576,48,18,13,407,41,275,40,0.0,0.0,0.0,31,0,,8,0,Crystal Palace,0,0,0,CRY,3,,False,0,1140,1160,1120,1130,1160,1190,6,1,Goalkeepers,GKP,Goalkeeper,GKP,2,,,1,1,True,[12],80
291,True,True,,,111234,0,0,0,0,0,1,4.5,,0,Jordan,0.0,287,False,,,55,111234.jpg,4.2,False,Pickford,12.0,False,,a,9,11,158,0,0,0,0,0.0,28.7,Pickford,241.0,2017-07-01,1994-03-07,False,p111234,3420,0,1,12,44,0,2,0,7,0,122,15,593,1052.0,20.3,0.0,107.0,0,0,0,0,38,0.00,0.22,0.22,46.11,4,1,322,4,641,77,124,1,,,,,,,0.0,3.21,0.01,0.01,1.21,1.16,120,1,477,77,31,6,40,6,1.0,0.32,0.0,11,0,,9,0,Everton,0,0,0,EVE,3,,False,0,1100,1115,1140,1140,1060,1090,7,1,Goalkeepers,GKP,Goalkeeper,GKP,2,,,1,1,True,[12],80
292,True,True,,,229600,0,0,0,0,0,1,2.8,,0,Mark,0.0,288,False,,,45,229600.jpg,3.8,False,Travers,0.2,False,,a,9,11,19,0,0,0,0,0.0,4.2,Travers,104.0,2025-07-15,1999-05-18,False,p229600,450,0,0,1,5,0,0,0,0,0,20,1,76,146.4,0.0,0.0,14.6,0,0,0,0,5,0.00,0.01,0.01,7.36,279,23,501,67,480,56,317,23,,,,,,,0.0,4.0,0.0,0.0,1.47,1.0,416,26,187,55,57,10,428,60,1.0,0.2,0.0,11,0,,9,0,Everton,0,0,0,EVE,3,,False,0,1100,1115,1140,1140,1060,1090,7,1,Goalkeepers,GKP,Goalkeeper,GKP,2,,,1,1,True,[12],80
293,True,True,,,447325,0,0,0,0,0,1,1.5,,0,Harry,0.0,289,False,,,40,447325.jpg,0.0,False,Tyrer,0.1,False,,a,9,11,0,0,0,0,0,0.0,0.0,Tyrer,241.0,2021-02-09,2001-12-06,False,p447325,0,0,0,0,0,0,0,0,0,0,0,0,0,0.0,0.0,0.0,0.0,0,0,0,0,0,0.00,0.00,0.00,0.00,431,51,421,42,390,27,431,51,,,,,,,0.0,0.0,0.0,0.0,0.0,0.0,610,60,52,25,434,51,457,65,0.0,0.0,0.0,11,0,,9,0,Everton,0,0,0,EVE,3,,False,0,1100,1115,1140,1140,1060,1090,7,1,Goalkeepers,GKP,Goalkeeper,GKP,2,,,1,1,True,[12],80
321,True,False,0.0,,428971,0,0,0,0,0,1,0.0,,0,Steven,0.0,315,False,Has joined Millwall on loan for the rest of the season.,2025-07-28T11:48:41.553663Z,40,428971.jpg,0.0,False,Benda,0.0,False,,u,10,54,0,0,0,0,0,0.0,0.0,Benda,80.0,2023-08-30,1998-10-01,False,p428971,0,0,0,0,0,0,0,0,0,0,0,0,0,0.0,0.0,0.0,0.0,0,0,0,0,0,0.00,0.00,0.00,0.00,424,49,414,40,382,25,424,49,,,,,,,0.0,0.0,0.0,0.0,0.0,0.0,601,58,43,23,427,49,659,76,0.0,0.0,0.0,54,0,,10,0,Fulham,0,0,0,FUL,3,,False,0,1125,1125,1130,1130,1120,1120,34,1,Goalkeepers,GKP,Goalkeeper,GKP,2,,,1,1,True,[12],80
345,True,True,,,86873,0,0,0,0,0,1,1.0,,0,Benjamin,0.0,664,False,,,40,86873.jpg,0.0,False,Lecomte,1.0,False,,a,10,54,0,0,0,0,0,0.0,0.0,Lecomte,73.0,2025-07-26,1991-04-26,False,p86873,0,0,0,0,0,0,0,0,0,0,0,0,0,0.0,0.0,0.0,0.0,0,0,0,0,0,0.00,0.00,0.00,0.00,397,36,386,26,352,11,397,36,,,,,,,0.0,0.0,0.0,0.0,0.0,0.0,568,44,10,9,401,37,189,24,0.0,0.0,0.0,54,0,,10,0,Fulham,0,0,0,FUL,3,,False,0,1125,1125,1130,1130,1120,1120,34,1,Goalkeepers,GKP,Goalkeeper,GKP,2,,,1,1,True,[12],80
347,True,True,,,97846,0,0,0,0,0,1,0.5,,0,Alex,0.0,340,False,,,40,97846.jpg,0.0,False,Cairns,0.2,False,,a,11,2,0,0,0,0,0,0.0,0.0,Cairns,241.0,2024-07-08,1993-01-04,False,p97846,0,0,0,0,0,0,0,0,0,0,0,0,0,0.0,0.0,0.0,0.0,0,0,0,0,0,0.00,0.00,0.00,0.00,398,37,387,27,353,12,398,37,,,,,,,0.0,0.0,0.0,0.0,0.0,0.0,570,45,12,10,402,38,349,51,0.0,0.0,0.0,2,0,,11,0,Leeds,0,0,0,LEE,2,,False,0,1050,1075,1050,1050,1050,1100,9,1,Goalkeepers,GKP,Goalkeeper,GKP,2,,,1,1,True,[12],80
375,True,True,,,201595,0,0,0,0,0,1,1.8,,0,Lucas Estella,0.0,665,False,,,45,201595.jpg,0.0,False,Perri,0.3,False,,a,11,2,0,0,0,0,0,0.0,0.0,Perri,30.0,2025-07-26,1997-12-10,False,p201595,0,0,0,0,0,0,0,0,0,0,0,0,0,0.0,0.0,0.0,0.0,0,0,0,0,0,0.00,0.00,0.00,0.00,498,71,493,66,472,55,498,71,,,,,,,0.0,0.0,0.0,0.0,0.0,0.0,397,25,168,54,501,71,297,45,0.0,0.0,0.0,2,0,,11,0,Leeds,0,0,0,LEE,2,,False,0,1050,1075,1050,1050,1050,1100,9,1,Goalkeepers,GKP,Goalkeeper,GKP,2,,,1,1,True,[12],80
376,True,True,,,116535,0,0,0,0,0,1,5.0,,0,Alisson,0.0,366,False,,,55,116535.jpg,4.0,False,Becker,11.0,False,,a,12,14,112,0,0,0,0,0.0,20.4,A.Becker,30.0,2018-07-19,1992-10-02,False,p116535,2508,0,0,10,29,0,0,0,0,0,78,9,451,628.8,13.0,0.0,64.0,0,0,0,0,28,0.00,0.20,0.20,27.10,72,12,333,10,642,78,211,12,,,,,,,0.0,2.8,0.01,0.01,0.97,1.04,121,2,478,78,41,7,42,7,1.0,0.36,0.0,14,0,,12,0,Liverpool,0,0,0,LIV,5,,False,0,1335,1355,1290,1330,1380,1380,10,1,Goalkeepers,GKP,Goalkeeper,GKP,2,,,1,1,True,[12],80
378,True,True,,,586268,0,0,0,0,0,1,2.0,,0,Ármin,0.0,368,False,,,40,586268.jpg,0.0,False,Pécsi,0.1,False,,a,12,14,0,0,0,0,0,0.0,0.0,Pécsi,98.0,2025-06-07,2005-02-24,False,p586268,0,0,0,0,0,0,0,0,0,0,0,0,0,0.0,0.0,0.0,0.0,0,0,0,0,0,0.00,0.00,0.00,0.00,479,68,470,59,446,46,479,68,,,,,,,0.0,0.0,0.0,0.0,0.0,0.0,671,79,113,44,482,68,522,74,0.0,0.0,0.0,14,0,,12,0,Liverpool,0,0,0,LIV,5,,False,0,1335,1355,1290,1330,1380,1380,10,1,Goalkeepers,GKP,Goalkeeper,GKP,2,,,1,1,True,[12],80
410,True,True,,,432720,0,0,0,0,0,1,3.6,,0,James,0.0,182,False,,,50,432720.jpg,0.0,False,Trafford,2.4,False,,a,13,43,0,0,0,0,0,0.0,0.0,Trafford,241.0,2025-07-29,2002-10-10,False,p432720,0,0,0,0,0,0,0,0,0,0,0,0,0,0.0,0.0,0.0,0.0,0,0,0,0,0,0.00,0.00,0.00,0.00,618,80,615,79,607,75,618,80,,,,,,,0.0,0.0,0.0,0.0,0.0,0.0,291,15,407,75,618,80,114,17,0.0,0.0,0.0,43,0,,13,0,Man City,0,0,0,MCI,4,,False,0,1275,1315,1250,1250,1300,1380,11,1,Goalkeepers,GKP,Goalkeeper,GKP,2,,,1,1,True,[12],80
412,True,True,,,88248,0,0,0,0,0,1,3.6,,0,Stefan,0.0,400,False,,,50,88248.jpg,2.7,False,Ortega Moreno,0.4,False,,a,13,43,35,0,0,0,0,0.0,7.0,Ortega Moreno,80.0,2022-07-01,1992-11-06,False,p88248,1099,0,0,3,18,0,0,0,1,0,33,0,144,292.6,0.0,0.0,29.4,0,0,0,0,12,0.00,0.00,0.00,19.12,204,17,598,76,585,68,285,17,,,,,,,0.0,2.7,0.0,0.0,1.57,1.47,222,7,338,67,166,25,287,42,0.98,0.25,0.0,43,0,,13,0,Man City,0,0,0,MCI,4,,False,0,1275,1315,1250,1250,1300,1380,11,1,Goalkeepers,GKP,Goalkeeper,GKP,2,,,1,1,True,[12],80
413,True,True,,,122074,0,0,0,0,0,1,1.5,,0,Marcus,0.0,401,False,,,40,122074.jpg,0.0,False,Bettinelli,0.2,False,,a,13,43,0,0,0,0,0,0.0,0.0,Bettinelli,241.0,2025-06-10,1992-05-24,False,p122074,0,0,0,0,0,0,0,0,0,0,0,0,0,0.0,0.0,0.0,0.0,0,0,0,0,0,0.00,0.00,0.00,0.00,404,41,393,31,359,16,404,41,,,,,,,0.0,0.0,0.0,0.0,0.0,0.0,577,49,19,14,408,42,387,55,0.0,0.0,0.0,43,0,,13,0,Man City,0,0,0,MCI,4,,False,0,1275,1315,1250,1250,1300,1380,11,1,Goalkeepers,GKP,Goalkeeper,GKP,2,,,1,1,True,[12],80
443,True,True,,,451302,0,0,0,0,0,1,2.6,,0,Altay,0.0,431,False,,,50,451302.jpg,2.0,False,Bayındır,0.4,False,,a,14,1,8,0,0,0,0,0.0,1.6,Bayindir,219.0,2023-09-01,1998-04-14,False,p451302,360,0,0,1,10,0,0,0,0,0,8,0,22,80.0,0.0,0.0,7.9,0,0,0,0,4,0.00,0.00,0.00,6.93,314,24,620,80,613,76,342,24,,,,,,,0.0,2.0,0.0,0.0,1.73,2.5,302,16,418,76,248,26,271,38,1.0,0.25,0.0,1,0,,14,0,Man Utd,0,0,0,MUN,3,,False,0,1105,1125,1110,1110,1100,1140,12,1,Goalkeepers,GKP,Goalkeeper,GKP,2,,,1,1,True,[12],80
447,True,True,,,461537,0,0,0,0,0,1,0.5,,0,Dermot,0.0,435,False,,,40,461537.jpg,0.0,False,Mee,0.1,False,,a,14,1,0,0,0,0,0,0.0,0.0,Mee,242.0,2023-07-24,2002-11-20,False,p461537,0,0,0,0,0,0,0,0,0,0,0,0,0,0.0,0.0,0.0,0.0,0,0,0,0,0,0.00,0.00,0.00,0.00,435,52,425,43,394,28,435,52,,,,,,,0.0,0.0,0.0,0.0,0.0,0.0,614,61,56,26,438,52,474,67,0.0,0.0,0.0,1,0,,14,0,Man Utd,0,0,0,MUN,3,,False,0,1105,1125,1110,1110,1100,1140,12,1,Goalkeepers,GKP,Goalkeeper,GKP,2,,,1,1,True,[12],80
483,True,True,,,81441,0,0,0,0,0,1,1.5,,0,Mark,0.0,471,False,,,40,81441.jpg,0.0,False,Gillespie,0.1,False,,a,15,4,0,0,0,0,0,0.0,0.0,Gillespie,241.0,2020-07-27,1992-03-27,False,p81441,0,0,0,0,0,0,0,0,0,0,0,0,0,0.0,0.0,0.0,0.0,0,0,0,0,0,0.00,0.00,0.00,0.00,395,34,384,24,350,9,395,34,,,,,,,0.0,0.0,0.0,0.0,0.0,0.0,566,42,8,7,399,35,471,66,0.0,0.0,0.0,4,0,,15,0,Newcastle,0,0,0,NEW,4,,False,0,1185,1245,1130,1170,1240,1320,23,1,Goalkeepers,GKP,Goalkeeper,GKP,2,,,1,1,True,[12],80
484,True,False,0.0,,111452,0,0,0,0,0,1,0.0,,0,Odysseas,0.0,472,False,Has joined Sevilla on loan for the rest of the season.,2025-08-13T15:41:50.078613Z,40,111452.jpg,0.0,False,Vlachodimos,0.1,False,,u,15,4,0,0,0,0,0,0.0,0.0,Odysseas,83.0,2024-07-01,1994-04-26,False,p111452,0,0,0,0,0,0,0,0,0,0,0,0,0,0.0,0.0,0.0,0.0,0,0,0,0,0,0.00,0.00,0.00,0.00,401,39,390,29,356,14,401,39,,,,,,,0.0,0.0,0.0,0.0,0.0,0.0,574,47,16,12,405,40,479,68,0.0,0.0,0.0,4,0,,15,0,Newcastle,0,0,0,NEW,4,,False,0,1185,1245,1130,1170,1240,1320,23,1,Goalkeepers,GKP,Goalkeeper,GKP,2,,,1,1,True,[12],80
513,True,True,,,225321,0,0,0,0,0,1,3.6,,0,Aaron,0.0,674,False,,,50,225321.jpg,0.0,False,Ramsdale,0.7,False,,a,15,4,0,0,0,0,0,0.0,0.0,Ramsdale,241.0,2025-08-02,1998-05-14,False,p225321,0,0,0,0,0,0,0,0,0,0,0,0,0,0.0,0.0,0.0,0.0,0,0,0,0,0,0.00,0.00,0.00,0.00,611,79,609,78,600,74,611,79,,,,,,,0.0,0.0,0.0,0.0,0.0,0.0,276,14,392,74,612,79,216,29,0.0,0.0,0.0,4,0,,15,0,Newcastle,0,0,0,NEW,4,,False,0,1185,1245,1130,1170,1240,1320,23,1,Goalkeepers,GKP,Goalkeeper,GKP,2,,,1,1,True,[12],80
515,True,True,,,85633,0,0,0,0,0,1,3.1,,0,Matz,0.0,502,False,,,50,85633.jpg,3.9,False,Sels,20.2,False,,a,16,17,150,0,0,0,0,0.0,30.0,Sels,21.0,2024-02-01,1992-02-26,False,p85633,3420,0,1,13,46,0,0,0,4,0,120,11,521,942.2,20.2,0.0,96.7,0,0,0,0,38,0.00,0.26,0.26,50.17,10,3,323,5,584,67,134,3,,,,,,,0.0,3.16,0.01,0.01,1.32,1.21,221,6,337,66,48,8,17,3,1.0,0.34,0.0,17,0,,16,0,Nott'm Forest,0,0,0,NFO,3,,False,0,1165,1205,1150,1230,1180,1180,15,1,Goalkeepers,GKP,Goalkeeper,GKP,2,,,1,1,True,[12],80
516,True,True,,,475123,0,0,0,0,0,1,1.0,,0,Carlos Miguel,0.0,503,False,,,40,475123.jpg,0.0,False,dos Santos Pereira,0.2,False,,a,16,17,0,0,0,0,0,0.0,0.0,C.Miguel,30.0,2024-07-09,1998-10-09,False,p475123,0,0,0,0,0,0,0,0,0,0,0,0,0,0.0,0.0,0.0,0.0,0,0,0,0,0,0.00,0.00,0.00,0.00,445,58,435,49,404,34,445,58,,,,,,,0.0,0.0,0.0,0.0,0.0,0.0,625,67,67,32,448,58,360,52,0.0,0.0,0.0,17,0,,16,0,Nott'm Forest,0,0,0,NFO,3,,False,0,1165,1205,1150,1230,1180,1180,15,1,Goalkeepers,GKP,Goalkeeper,GKP,2,,,1,1,True,[12],80
517,True,False,0.0,,224068,0,0,0,0,0,1,0.0,,0,Matt,0.0,504,False,Has joined Lyon permanently.,2025-08-11T01:18:09.881299Z,40,224068.jpg,0.0,False,Turner,0.7,False,,u,16,17,0,0,0,0,0,0.0,0.0,Turner,229.0,2023-08-09,1994-06-24,False,p224068,0,0,0,0,0,0,0,0,0,0,0,0,0,0.0,0.0,0.0,0.0,0,0,0,0,0,0.00,0.00,0.00,0.00,417,46,407,37,375,22,417,46,,,,,,,0.0,0.0,0.0,0.0,0.0,0.0,594,55,36,20,420,46,222,31,0.0,0.0,0.0,17,0,,16,0,Nott'm Forest,0,0,0,NFO,3,,False,0,1165,1205,1150,1230,1180,1180,15,1,Goalkeepers,GKP,Goalkeeper,GKP,2,,,1,1,True,[12],80
542,True,True,,,107265,0,0,0,0,0,1,1.0,,0,Angus,0.0,675,False,,,40,107265.jpg,0.0,False,Gunn,1.0,False,,a,16,17,0,0,0,0,0,0.0,0.0,Gunn,243.0,2025-08-06,1996-01-22,False,p107265,0,0,0,0,0,0,0,0,0,0,0,0,0,0.0,0.0,0.0,0.0,0,0,0,0,0,0.00,0.00,0.00,0.00,400,38,389,28,355,13,400,38,,,,,,,0.0,0.0,0.0,0.0,0.0,0.0,573,46,15,11,404,39,181,22,0.0,0.0,0.0,17,0,,16,0,Nott'm Forest,0,0,0,NFO,3,,False,0,1165,1205,1150,1230,1180,1180,15,1,Goalkeepers,GKP,Goalkeeper,GKP,2,,,1,1,True,[12],80
582,True,True,,,498016,0,0,0,0,0,1,1.8,,0,Robin,0.0,670,False,,,45,498016.jpg,0.0,False,Roefs,0.2,False,,a,17,56,0,0,0,0,0,0.0,0.0,Roefs,152.0,2025-08-01,2003-01-17,False,p498016,0,0,0,0,0,0,0,0,0,0,0,0,0,0.0,0.0,0.0,0.0,0,0,0,0,0,0.00,0.00,0.00,0.00,544,77,540,73,521,63,544,77,,,,,,,0.0,0.0,0.0,0.0,0.0,0.0,481,33,252,62,547,77,408,59,0.0,0.0,0.0,56,0,,17,0,Sunderland,0,0,0,SUN,2,,False,0,1050,1050,1050,1050,1050,1050,29,1,Goalkeepers,GKP,Goalkeeper,GKP,2,,,1,1,True,[12],80
585,True,True,,,184254,0,0,0,0,0,1,3.6,,0,Guglielmo,0.0,565,False,,,50,184254.jpg,2.8,False,Vicario,3.6,False,,a,18,6,66,0,0,0,0,0.0,13.2,Vicario,106.0,2023-07-01,1996-10-07,False,p184254,2160,0,0,4,37,0,0,0,1,0,68,2,293,587.8,0.0,0.0,58.5,0,0,0,0,24,0.00,0.00,0.00,33.60,93,15,604,77,593,71,223,16,,,,,,,0.0,2.83,0.0,0.0,1.4,1.54,246,11,362,71,157,23,88,15,1.0,0.17,0.0,6,0,,18,0,Spurs,0,0,0,TOT,3,,False,0,1130,1175,1100,1100,1160,1250,21,1,Goalkeepers,GKP,Goalkeeper,GKP,2,,,1,1,True,[12],80
586,True,True,,,214572,0,0,0,0,0,1,1.5,,0,Brandon,0.0,566,False,,,40,214572.jpg,1.0,False,Austin,0.3,False,,a,18,6,1,0,0,0,0,0.0,0.2,Austin,241.0,2017-07-22,1999-01-08,False,p214572,90,0,0,0,2,0,0,0,0,0,2,0,7,20.0,0.0,0.0,2.0,0,0,0,0,1,0.00,0.00,0.00,2.53,353,29,403,36,370,21,367,29,,,,,,,0.0,2.0,0.0,0.0,2.53,2.0,589,54,31,19,339,29,317,47,1.0,0.0,0.0,6,0,,18,0,Spurs,0,0,0,TOT,3,,False,0,1130,1175,1100,1100,1160,1250,21,1,Goalkeepers,GKP,Goalkeeper,GKP,2,,,1,1,True,[12],80
587,True,True,,,485055,0,0,0,0,0,1,1.5,,0,Antonín,0.0,567,False,,,40,485055.jpg,2.8,False,Kinský,3.1,False,,a,18,6,17,0,0,0,0,0.0,4.2,Kinsky,57.0,2025-01-05,2003-03-13,False,p485055,540,0,0,1,11,0,0,0,0,0,24,0,86,208.2,10.1,0.0,21.7,0,0,0,0,6,0.00,0.01,0.01,11.80,244,20,345,13,409,36,303,20,,,,,,,0.0,4.0,0.0,0.0,1.97,1.83,630,69,72,34,149,22,96,16,1.0,0.17,0.0,6,0,,18,0,Spurs,0,0,0,TOT,3,,False,0,1130,1175,1100,1100,1160,1250,21,1,Goalkeepers,GKP,Goalkeeper,GKP,2,,,1,1,True,[12],80
623,True,True,,,483364,0,0,0,0,0,1,1.5,,0,Krisztián,0.0,602,False,,,40,483364.jpg,0.0,False,Hegyi,0.4,False,,a,19,21,0,0,0,0,0,0.0,0.0,Hegyi,98.0,2022-08-24,2002-09-24,False,p483364,0,0,0,0,0,0,0,0,0,0,0,0,0,0.0,0.0,0.0,0.0,0,0,0,0,0,0.00,0.00,0.00,0.00,449,59,439,50,408,35,449,59,,,,,,,0.0,0.0,0.0,0.0,0.0,0.0,629,68,71,33,452,59,289,43,0.0,0.0,0.0,21,0,,19,0,West Ham,0,0,0,WHU,3,,False,0,1100,1100,1100,1100,1100,1100,25,1,Goalkeepers,GKP,Goalkeeper,GKP,2,,,1,1,True,[12],80
653,True,True,,,79602,0,0,0,0,0,1,0.5,,0,Daniel,0.0,629,False,,,40,79602.jpg,4.5,False,Bentley,0.9,False,,a,20,39,9,0,0,0,0,0.0,2.2,Bentley,241.0,2023-01-25,1993-07-13,False,p79602,180,0,0,1,4,0,0,0,0,0,8,1,29,60.0,0.0,0.0,6.0,0,0,0,0,2,0.00,0.00,0.00,3.01,323,26,383,23,349,8,350,26,,,,,,,0.0,4.0,0.0,0.0,1.5,2.0,565,41,7,6,18,1,192,26,1.0,0.5,0.0,39,0,,20,0,Wolves,0,0,0,WOL,3,,False,0,1100,1125,1080,1100,1120,1150,38,1,Goalkeepers,GKP,Goalkeeper,GKP,2,,,1,1,True,[12],80
654,True,True,,,138001,0,0,0,0,0,1,0.5,,0,Tom,0.0,630,False,,,40,138001.jpg,1.0,False,King,2.0,False,,a,20,39,1,0,0,0,0,0.0,0.2,King,244.0,2023-07-03,1995-03-09,False,p138001,1,0,0,0,0,0,0,0,0,0,0,0,3,0.0,0.0,0.0,0.0,0,0,0,0,0,0.00,0.00,0.00,0.14,405,42,394,32,360,17,405,42,,,,,,,0.0,0.0,0.0,0.0,12.6,0.0,578,50,20,15,337,28,128,19,0.0,0.0,0.0,39,0,,20,0,Wolves,0,0,0,WOL,3,,False,0,1100,1125,1080,1100,1120,1150,38,1,Goalkeepers,GKP,Goalkeeper,GKP,2,,,1,1,True,[12],80
